marital,mean_tv_hours
No answer,2.5555555555555554
Married,2.6504253673627223
Divorced,3.0854072398190047
Never married,3.1051752921535893
Separated,3.549618320610687
Widowed,3.912
