marital,mean_tv_hours
Married,2.6530958439355388
No answer,2.75
Divorced,3.121212121212121
Never married,3.3590078328981723
Separated,3.6512968299711814
Widowed,3.915237134207871
