marital,mean_tv_hours
No answer,2
Divorced,2.3513513513513513
Married,2.6216216216216215
Separated,2.782608695652174
Never married,2.841455044612217
Widowed,4
